Camp ID,Leads
14,95
37,171
53,8
55,24
63,118
90,81
92,160
97,113
104,127
109,174
121,161
133,45
135,96
151,16
164,149
187,53
192,150
195,88
201,41
208,12
217,20
221,57
259,17
270,67
271,106
279,126
290,7
295,13
317,158
318,47
329,21
334,107
337,82
339,33
351,25
360,90
367,198
368,154
385,92
387,176
415,176
429,91
433,5
439,112
444,91
455,163
457,124
476,140
477,127
478,155
482,36
485,198
518,69
549,117
564,154
568,164
578,176
589,136
602,15
611,56
621,131
630,104
632,101
637,15
639,24
646,10
650,146
655,182
664,29
670,34
672,130
687,146
705,117
718,130
753,182
756,194
775,177
785,176
786,197
813,154
819,123
839,48
842,155
867,90
872,42
886,79
910,1
920,96
921,100
928,69
931,52
934,128
943,30
951,103
969,68
971,123
978,81
985,125
988,109
997,59
1017,132
1018,6
1044,28
1080,180
1090,89
1093,97
1118,30
1119,155
1126,181
1128,125
1132,2
1156,12
1158,25
1161,17
1167,4
1189,3
1198,165
1201,199
1215,95
1241,4
1246,42
1250,78
1255,153
1264,125
1270,69
1275,142
1299,97
1300,45
1304,108
1305,2
1306,49
1313,33
1325,4
1348,143
1355,166
1358,59
1360,41
1375,149
1386,111
1388,63
1390,12
1399,11
1400,173
1409,178
1419,29
1423,168
1428,164
1429,157
1450,145
1468,116
1477,185
1499,198
1516,154
1528,58
1535,139
1544,26
1548,10
1554,52
1555,163
1559,126
1565,138
1569,54
1573,156
1583,124
1599,10
1615,121
1618,6
1624,34
1630,44
1633,45
1636,177
1637,68
1639,36
1640,113
1646,45
1647,79
1659,136
1670,106
1705,186
1735,25
1757,57
1777,41
1785,111
1790,3
1799,67
1805,152
1816,58
1833,111
1875,153
1884,68
1890,21
1898,83
1906,141
1926,130
1931,84
1932,44
1936,199
1943,150
1961,44
1970,72
1978,18
1995,105
2005,47
2011,114
2026,88
2034,162
2037,32
2053,23
2054,97
2068,124
2072,64
2100,47
2101,26
2124,154
2126,141
2128,178
2143,135
2145,82
2148,200
2150,31
2151,121
2163,18
2190,165
2212,127
2224,127
2227,103
2229,91
2233,79
2241,50
2242,2
2244,106
2252,94
2264,37
2268,142
2269,81
2275,37
2293,59
2298,61
2306,17
2315,136
2330,11
2345,93
2361,39
2371,51
2385,24
2401,166
2404,57
2420,195
2449,129
2450,192
2454,163
2457,177
2458,117
2461,119
2477,141
2480,191
2487,106
2490,90
2511,180
2513,182
2528,160
2532,155
2541,85
2544,123
2554,116
2568,124
2574,3
2579,180
2584,129
2585,123
2589,125
2596,27
2598,191
2613,56
2619,178
2622,12
2623,44
2634,104
2648,3
2653,97
2658,163
2660,65
2674,129
2680,156
2685,67
2686,29
2687,9
2691,167
2693,99
2705,142
2709,198
2737,195
2753,5
2758,56
2762,89
2778,183
2781,143
2782,195
2784,63
2785,139
2814,57
2819,89
2822,103
2831,100
2833,95
2843,157
2845,3
2865,22
2868,198
2870,71
2892,172
2895,34
2897,46
2903,153
2911,109
2928,48
2929,67
2943,43
2954,103
2963,32
2979,175
2981,142
2990,124
3010,16
3015,120
3024,145
3034,75
3043,98
3046,184
3050,68
3053,36
3056,181
3057,129
3073,133
3093,161
3117,85
3128,104
3150,49
3152,150
3166,56
3191,138
3193,178
3215,140
3226,198
3238,51
3243,166
3246,168
3251,13
3267,77
3279,70
3305,4
3342,22
3345,172
3356,130
3390,3
3415,170
3416,100
3437,182
3438,178
3440,190
3444,178
3462,122
3471,190
3485,6
3489,42
3502,136
3514,145
3516,141
3517,164
3534,56
3536,134
3541,98
3547,153
3563,118
3575,118
3581,62
3592,196
3606,72
3607,177
3611,45
3619,97
3630,110
3633,45
3637,107
3638,182
3643,46
3650,117
3658,100
3664,44
3668,99
3674,178
3688,21
3699,3
3706,161
3713,10
3716,56
3719,152
3721,179
3731,95
3735,8
3772,170
3780,95
3794,168
3795,12
3819,39
3846,47
3848,125
3884,192
3894,135
3895,58
3898,100
3899,78
3902,78
3904,123
3910,42
3949,37
3957,59
3970,193
3972,2
3991,22
4024,107
4026,29
4042,92
4052,72
4068,116
4069,143
4073,101
4085,175
4093,13
4101,33
4107,20
4108,21
4116,106
4123,98
4138,127
4144,65
4154,46
4184,48
4197,110
4212,57
4234,17
4280,47
4289,200
4319,54
4322,131
4327,147
4343,57
4344,137
4373,176
4374,9
4379,121
4391,58
4392,72
4401,42
4405,145
4412,18
4415,132
4444,170
4447,167
4458,158
4464,4
4466,116
4468,165
4473,147
4484,98
4487,144
4504,115
4508,193
4522,156
4527,152
4534,152
4555,123
4556,175
4573,165
4595,65
4620,155
4624,126
4635,124
4643,197
4650,89
4668,191
4700,113
4714,80
4747,86
4753,67
4757,8
4762,190
4765,111
4798,186
4799,3
4803,2
4818,172
4821,80
4824,146
4828,197
4860,132
4865,117
4866,130
4868,10
4894,79
4905,64
4919,75
4923,117
4935,167
4954,74
4961,96
4965,168
4983,87
5034,9
5036,30
5039,186
5049,50
5065,85
5067,145
5071,70
5078,6
5079,153
5089,139
5114,104
5139,19
5141,61
5156,28
5190,129
5198,198
5211,195
5240,32
5248,54
5255,141
5258,21
5260,194
5275,15
5293,129
5302,105
5307,93
5311,13
5313,115
5316,50
5320,123
5326,136
5327,193
5334,122
5337,81
5340,59
5344,182
5354,178
5363,126
5372,75
5388,40
5393,65
5403,85
5414,188
5426,9
5444,87
5461,123
5464,32
5490,96
5498,39
5505,1
5515,120
5545,12
5577,114
5595,149
5598,22
5613,162
5618,119
5631,23
5646,145
5653,117
5656,15
5659,142
5676,59
5682,129
5699,7
5717,104
5730,67
5736,122
5739,109
5744,91
5751,145
5768,34
5781,95
5783,150
5786,98
5792,8
5847,160
5848,145
5850,97
5862,80
5869,102
5879,117
5883,137
5893,92
5899,5
5937,140
5943,89
5954,55
5956,164
5961,6
5966,55
5969,122
5983,85
6029,170
6045,35
6046,43
6049,32
6069,12
6079,171
6092,149
6102,51
6112,43
6157,59
6170,161
6190,39
6202,172
6222,45
6226,80
6244,169
6252,120
6261,31
6268,194
6269,166
6272,101
6290,184
6298,153
6299,161
6321,42
6331,104
6352,64
6354,157
6357,93
6367,47
6373,16
6376,7
6379,120
6390,186
6399,36
6400,178
6422,139
6464,83
6465,110
6480,87
6505,141
6538,91
6548,17
6558,69
6559,43
6583,49
6591,35
6601,53
6603,94
6628,83
6634,57
6641,143
6668,166
6695,190
6707,154
6711,17
6713,17
6717,6
6730,56
6736,78
6744,190
6745,41
6746,118
6749,49
6759,2
6773,95
6784,3
6788,189
6797,117
6799,16
6800,38
6817,58
6818,5
6828,163
6833,110
6885,169
6892,19
6916,167
6938,138
6958,161
6963,23
6967,200
6969,86
6981,140
6987,179
6995,80
7019,97
7023,106
7027,170
7034,47
7071,114
7072,87
7078,185
7081,149
7088,27
7092,185
7101,128
7108,177
7127,150
7130,82
7137,164
7144,186
7149,9
7173,9
7204,146
7214,4
7222,81
7235,40
7259,129
7277,200
7305,92
7309,21
7313,106
7317,25
7327,188
7331,98
7338,172
7375,131
7396,85
7397,146
7411,93
7412,93
7429,140
7454,10
7464,108
7480,131
7486,17
7523,173
7524,92
7538,9
7540,121
7548,53
7561,24
7564,1
7580,132
7586,86
7608,72
7617,172
7636,21
7648,192
7651,77
7657,153
7699,23
7704,125
7720,102
7729,177
7750,35
7772,2
7775,136
7785,22
7815,57
7818,88
7835,52
7838,75
5,184
18,65
25,129
36,156
43,167
47,34
48,94
49,25
58,172
65,171
72,123
73,11
78,147
87,107
95,80
100,37
120,59
125,132
126,135
127,69
136,106
144,129
159,27
166,109
169,34
175,70
182,183
193,195
194,106
216,75
227,90
255,2
260,192
266,189
296,130
307,179
312,65
315,92
320,10
333,168
335,66
345,172
349,129
361,95
362,168
370,6
371,107
373,173
376,47
382,186
383,60
392,120
404,39
412,101
413,57
443,187
473,155
475,90
498,138
503,134
504,126
517,36
522,144
524,103
540,115
541,32
542,86
556,107
569,155
591,123
594,147
610,49
613,104
623,27
648,103
661,149
679,69
695,150
704,96
723,83
740,123
742,146
754,144
771,50
780,108
790,143
793,5
794,99
805,72
807,68
809,141
820,120
822,50
823,21
830,57
836,89
841,105
851,128
863,10
865,165
870,170
876,157
882,184
884,37
891,160
899,170
939,32
941,26
955,106
987,29
1001,20
1004,99
1031,118
1036,34
1039,152
1045,70
1050,157
1054,52
1060,56
1063,167
1065,79
1071,172
1073,155
1096,194
1113,80
1115,194
1117,198
1142,188
1144,69
1149,41
1170,132
1184,29
1186,155
1188,71
1190,152
1221,178
1231,36
1262,43
1271,120
1276,133
1279,180
1285,139
1292,31
1296,152
1308,119
1327,16
1330,50
1357,137
1368,33
1369,34
1381,31
1402,102
1410,148
1413,186
1417,11
1453,154
1458,35
1459,8
1461,64
1483,61
1503,48
1505,176
1539,168
1579,180
1580,120
1600,102
1601,189
1603,94
1604,192
1607,198
1610,137
1613,104
1625,118
1631,164
1643,118
1648,122
1650,134
1660,37
1675,130
1682,34
1683,30
1686,84
1687,65
1706,23
1719,11
1733,69
1738,144
1745,127
1758,164
1788,50
1797,91
1798,155
1809,52
1811,171
1814,194
1824,54
1858,120
1869,63
1872,144
1878,96
1894,70
1910,70
1927,62
1954,40
1974,61
1990,157
1992,159
2007,10
2010,45
2012,194
2013,155
2018,95
2021,68
2030,113
2036,55
2038,198
2042,57
2058,8
2066,92
2071,50
2079,41
2084,112
2085,8
2092,80
2094,12
2134,33
2138,103
2140,155
2155,198
2157,40
2174,58
2180,73
2181,172
2192,82
2201,165
2217,152
2225,130
2231,133
2255,94
2278,83
2280,155
2292,126
2304,193
2310,49
2317,137
2326,101
2343,168
2346,49
2352,178
2358,17
2392,191
2402,137
2406,59
2417,169
2429,166
2430,108
2491,7
2500,4
2503,33
2531,47
2546,98
2553,43
2573,98
2592,54
2614,172
2633,19
2638,160
2642,113
2654,171
2665,59
2675,38
2696,163
2707,129
2715,133
2734,141
2735,49
2741,126
2742,52
2776,173
2779,140
2798,156
2803,182
2829,103
2841,179
2853,87
2867,196
2872,98
2876,152
2883,200
2917,175
2918,118
2926,68
2947,28
2948,194
2964,17
2996,178
2997,3
3022,18
3031,135
3049,151
3051,168
3055,164
3059,150
3069,75
3087,22
3089,174
3097,51
3100,167
3104,137
3119,184
3137,23
3141,71
3182,2
3183,28
3189,30
3194,193
3195,147
3222,142
3224,138
3229,121
3232,62
3233,156
3249,83
3259,193
3264,181
3281,168
3282,175
3293,107
3300,53
3306,98
3310,130
3325,178
3333,50
3351,36
3364,8
3366,67
3369,27
3396,133
3400,58
3403,10
3414,22
3427,53
3431,131
3432,169
3435,172
3455,191
3461,117
3465,47
3467,63
3479,140
3483,199
3486,100
3495,183
3496,72
3511,32
3522,11
3543,86
3551,179
3555,63
3565,105
3591,129
3600,133
3602,92
3614,103
3628,96
3642,29
3647,111
3649,162
3689,190
3704,196
3715,163
3734,81
3741,93
3742,68
3749,192
3753,25
3754,110
3761,60
3769,42
3773,98
3775,173
3776,192
3788,59
3804,78
3813,169
3828,130
3836,22
3837,108
3865,103
3867,151
3876,19
3891,54
3893,130
3920,175
3933,116
3941,152
3945,126
3950,150
3953,107
3968,169
3977,34
3982,164
3986,184
4000,62
4005,41
4008,78
4015,98
4064,145
4082,147
4103,144
4109,101
4122,29
4129,114
4133,15
4153,109
4157,174
4158,14
4173,38
4198,71
4211,119
4235,58
4253,33
4272,54
4283,175
4314,171
4345,3
4350,168
4364,86
4368,168
4380,147
4389,71
4396,175
4422,142
4425,88
4432,181
4461,118
4467,199
4475,90
4481,145
4490,85
4493,58
4503,125
4505,146
4537,45
4539,86
4546,181
4549,100
4562,40
4575,44
4581,34
4587,108
4588,71
4599,76
4606,53
4608,51
4609,64
4614,99
4622,65
4627,90
4628,9
4630,192
4640,112
4646,192
4664,41
4666,124
4670,123
4675,197
4687,79
4701,17
4716,40
4732,130
4743,187
4745,130
4775,74
4785,176
4786,113
4791,102
4792,68
4794,100
4815,52
4826,98
4833,200
4855,166
4867,172
4877,41
4878,68
4902,50
4909,109
4914,186
4975,107
4980,37
4990,139
5003,199
5023,91
5024,11
5030,19
5037,17
5072,43
5093,169
5127,3
5131,69
5137,15
5153,52
5168,184
5191,94
5193,190
5195,146
5196,54
5205,180
5208,55
5217,65
5227,7
5232,22
5245,135
5261,48
5263,48
5270,91
5273,94
5274,70
5292,67
5304,197
5305,4
5310,65
5325,89
5329,76
5333,59
5336,110
5361,125
5364,185
5366,189
5370,123
5389,58
5409,47
5418,130
5437,176
5438,129
5453,80
5458,134
5459,79
5462,56
5479,168
5488,104
5489,168
5493,51
5504,108
5508,68
5511,83
5514,104
5524,100
5549,59
5581,190
5582,34
5587,90
5597,145
5602,118
5607,4
5610,144
5619,72
5625,180
5629,171
5636,165
5671,155
5672,180
5711,166
5715,131
5722,120
5723,34
5724,14
5770,145
5772,146
5780,34
5787,175
5799,167
5816,99
5820,139
5826,17
5835,61
5836,131
5846,117
5849,124
5854,29
5856,123
5870,15
5874,191
5880,66
5884,44
5888,95
5928,14
5941,26
5942,82
5948,169
5967,175
5968,97
5970,105
5974,37
5977,159
5981,176
6007,116
6015,154
6037,145
6051,80
6062,182
6078,111
6086,170
6100,166
6106,112
6118,100
6119,110
6140,19
6144,126
6151,191
6153,40
6156,129
6180,19
6183,194
6185,13
6200,31
6206,163
6210,36
6223,184
6225,141
6236,15
6246,172
6253,81
6273,166
6274,117
6293,115
6315,48
6336,194
6349,154
6358,123
6361,48
6369,197
6378,59
6386,176
6387,16
6420,76
6428,38
6436,167
6438,5
6478,119
6483,10
6499,145
6501,129
6504,55
6506,142
6509,128
6510,149
6539,18
6551,120
6572,34
6577,117
6592,67
6612,33
6658,115
6663,3
6669,43
6685,92
6694,137
6704,106
6715,100
6741,50
6747,14
6769,125
6770,47
6774,191
6834,132
6835,62
6845,85
6860,77
6861,191
6867,76
6872,52
6897,57
6903,123
6904,123
6914,84
6918,145
6932,45
6939,178
6953,91
6959,117
6964,128
6973,112
6990,172
7017,50
7018,3
7026,168
7044,53
7077,44
7080,142
7082,120
7099,181
7104,196
7112,122
7116,48
7141,14
7143,26
7172,151
7186,50
7194,158
7198,149
7228,177
7238,61
7240,99
7273,181
7274,122
7275,42
7307,21
7310,54
7312,3
7315,176
7321,183
7326,5
7330,183
7332,177
7350,183
7355,98
7365,67
7377,171
7394,175
7398,7
7402,112
7403,92
7405,155
7407,73
7413,33
7415,144
7416,35
7444,199
7450,91
7458,85
7488,154
7498,161
7506,145
7508,161
7510,91
7513,99
7518,68
7519,60
7544,178
7553,4
7555,113
7571,173
7572,89
7575,126
7587,179
7588,141
7591,190
7619,195
7622,93
7624,146
7645,44
7649,54
7655,153
7662,52
7663,34
7664,58
7680,69
7687,76
7694,94
7714,30
7717,4
7718,14
7723,108
7725,57
7728,92
7730,68
7735,49
7749,164
7758,20
7768,189
7778,103
7793,2
7797,35
7798,112
7801,199
7805,30
7825,136
7826,147
7829,128
29,122
31,61
33,193
39,38
42,148
51,8
52,177
88,161
94,115
96,69
105,37
107,8
116,78
119,9
132,180
137,149
149,131
158,160
161,64
168,82
178,168
184,4
185,111
197,156
207,150
209,166
215,109
222,197
228,57
241,64
261,153
264,89
273,72
283,160
287,82
288,9
306,115
338,166
344,96
357,105
358,136
375,123
378,101
388,117
389,58
391,104
395,105
396,102
399,200
408,158
423,50
436,86
442,51
450,83
459,116
469,173
479,135
492,56
525,170
543,79
544,24
561,14
593,67
609,74
612,68
614,182
616,33
628,56
634,45
649,199
666,51
667,185
674,160
675,140
676,74
677,185
698,24
703,154
724,168
730,152
734,25
737,77
741,33
759,193
768,28
787,173
797,165
834,79
849,128
850,91
853,148
858,160
871,60
877,161
902,153
905,156
908,140
911,162
938,196
949,76
954,196
962,154
963,127
972,191
975,31
982,48
984,147
991,69
1006,69
1010,196
1021,107
1027,173
1028,92
1047,161
1055,147
1056,157
1072,80
1079,192
1085,43
1101,113
1102,47
1103,158
1110,22
1123,140
1127,167
1141,169
1143,43
1154,39
1157,87
1168,110
1175,33
1192,34
1197,75
1206,38
1208,131
1213,185
1216,120
1224,139
1234,153
1243,78
1248,79
1265,42
1273,36
1295,56
1297,138
1309,45
1329,134
1349,48
1351,190
1352,197
1353,127
1356,85
1362,170
1366,115
1405,3
1411,21
1415,95
1418,3
1422,118
1436,126
1438,13
1440,29
1475,152
1481,197
1484,30
1500,27
1506,13
1518,89
1525,109
1529,133
1533,131
1536,25
1541,54
1549,109
1562,200
1566,122
1568,150
1584,44
1593,121
1602,127
1605,127
1609,193
1612,170
1617,5
1649,190
1653,84
1678,182
1691,45
1700,114
1701,90
1725,83
1744,12
1754,118
1755,96
1769,153
1780,140
1784,107
1791,189
1800,59
1822,94
1842,150
1843,146
1849,53
1870,161
1877,164
1880,100
1896,82
1916,156
1922,66
1963,129
1983,63
1988,19
2004,16
2035,48
2047,167
2061,169
2063,148
2067,113
2073,132
2098,35
2104,71
2108,117
2109,128
2114,138
2123,199
2142,65
2144,26
2147,23
2153,181
2160,151
2177,78
2183,54
2187,55
2194,51
2204,44
2211,7
2228,159
2236,124
2243,89
2246,152
2254,8
2302,36
2322,21
2331,23
2347,115
2351,152
2360,169
2364,128
2376,24
2377,69
2384,196
2409,74
2410,4
2414,53
2433,51
2442,71
2453,104
2459,61
2501,19
2502,58
2509,146
2514,109
2534,83
2536,98
2550,100
2552,92
2563,192
2577,190
2590,66
2591,108
2597,103
2604,175
2605,116
2606,59
2607,133
2612,146
2616,106
2626,139
2629,33
2639,97
2643,83
2667,130
2672,156
2676,27
2677,13
2679,103
2689,190
2692,63
2694,200
2700,39
2701,35
2714,22
2718,40
2722,198
2726,43
2732,129
2760,150
2766,82
2767,127
2783,176
2788,54
2799,159
2813,160
2828,195
2835,74
2846,46
2850,52
2886,64
2889,70
2894,187
2900,43
2901,145
2912,79
2915,129
2925,102
2935,184
2936,136
2938,137
2940,103
2950,52
2962,75
2970,18
2973,160
2982,170
3000,6
3001,39
3008,122
3012,40
3019,36
3039,167
3044,174
3052,20
3066,118
3090,32
3121,62
3125,62
3131,133
3134,197
3138,22
3144,122
3147,196
3151,82
3154,104
3156,87
3168,200
3173,117
3175,131
3180,145
3187,115
3200,105
3202,85
3206,183
3216,85
3239,123
3250,181
3254,49
3261,46
3263,96
3272,82
3273,80
3280,141
3290,18
3298,169
3309,103
3319,38
3327,128
3343,92
3370,72
3371,191
3372,13
3393,113
3395,87
3411,157
3417,107
3421,140
3434,70
3443,73
3449,16
3473,158
3475,145
3505,27
3515,51
3544,52
3545,28
3550,82
3564,117
3578,80
3580,169
3593,6
3594,16
3595,110
3598,21
3601,68
3608,106
3636,39
3656,17
3671,195
3695,22
3724,125
3729,107
3739,165
3745,31
3750,144
3771,152
3779,136
3789,200
3802,26
3806,176
3829,153
3835,14
3844,27
3864,80
3866,31
3871,129
3873,136
3877,54
3888,16
3900,4
3906,31
3912,68
3914,88
3915,57
3924,96
3925,90
3928,168
3935,116
3936,97
3939,46
3973,194
3976,37
3978,93
3988,138
3989,75
3999,122
4012,75
4023,47
4033,12
4050,156
4058,169
4063,198
4079,86
4096,181
4098,129
4111,81
4113,54
4114,57
4115,84
4150,11
4170,41
4172,5
4176,58
4182,16
4188,179
4206,66
4209,87
4214,88
4224,175
4236,30
4238,166
4240,139
4242,39
4252,76
4263,89
4264,97
4288,71
4290,48
4294,139
4308,161
4317,157
4328,134
4336,121
4346,58
4357,12
4361,103
4367,188
4381,129
4382,110
4387,190
4395,48
4408,22
4430,79
4434,62
4454,130
4463,158
4470,74
4491,112
4509,177
4521,139
4529,119
4541,114
4554,163
4561,17
4563,115
4590,41
4597,1
4605,108
4625,142
4641,132
4663,61
4676,90
4681,71
4682,137
4688,55
4694,6
4717,90
4724,71
4754,19
4759,40
4778,127
4780,165
4783,195
4804,47
4809,97
4814,87
4816,31
4835,191
4841,70
4848,96
4849,199
4852,21
4857,187
4859,127
4871,172
4881,67
4901,51
4904,59
4924,149
4926,188
4927,22
4934,100
4947,120
4952,95
4971,2
4972,67
4998,42
5018,193
5025,27
5027,185
5042,120
5044,139
5051,156
5054,45
5056,63
5073,159
5076,171
5086,128
5087,179
5096,172
5099,18
5107,69
5110,188
5117,34
5119,67
5120,116
5122,9
5136,56
5138,16
5159,135
5166,93
5194,191
5203,47
5207,128
5218,78
5223,187
5225,32
5239,164
5244,155
5246,74
5249,66
5259,6
5262,35
5268,94
5271,181
5272,120
5299,139
5315,131
5318,149
5321,155
5322,17
5323,19
5341,69
5342,73
5368,170
5376,41
5377,103
5379,192
5381,191
5387,137
5399,114
5400,37
5401,75
5411,26
5417,148
5419,169
5447,81
5448,12
5454,152
5465,160
5468,66
5485,54
5496,148
5499,162
5503,107
5509,14
5513,156
5519,24
5537,113
5543,163
5547,103
5554,180
5555,86
5561,65
5562,143
5567,27
5569,70
5571,12
5579,106
5584,9
5592,120
5593,6
5620,147
5628,114
5630,74
5634,117
5637,149
5642,158
5644,138
5651,59
5652,19
5658,130
5662,195
5664,71
5665,34
5667,13
5685,100
5694,138
5700,32
5702,163
5714,155
5725,164
5743,80
5760,145
5761,46
5763,108
5765,57
5779,187
5793,38
5802,9
5804,171
5808,122
5824,137
5829,174
5834,34
5845,188
5857,111
5861,140
5868,58
5872,69
5890,79
5898,41
5908,114
5917,10
5924,184
5934,16
5939,74
5944,146
5980,171
5993,122
5996,44
5998,193
6011,127
6028,70
6033,178
6036,151
6040,65
6054,193
6058,171
6059,186
6066,167
6070,128
6081,151
6097,67
6103,112
6107,123
6121,188
6133,71
6136,174
6141,93
6143,167
6159,88
6163,30
6165,36
6168,11
6174,3
6178,125
6216,130
6220,129
6235,78
6258,99
6260,60
6265,29
6291,122
6313,19
6320,52
6322,179
6327,11
6328,10
6337,27
6350,57
6371,14
6392,80
6396,93
6402,93
6447,78
6448,177
6449,42
6453,117
6456,177
6462,43
6468,119
6491,14
6495,148
6507,9
6515,51
6522,42
6530,130
6536,130
6549,27
6553,67
6595,164
6599,50
6609,18
6616,123
6636,79
6642,132
6671,121
6701,29
6755,12
6781,102
6785,158
6786,72
6806,79
6809,11
6812,59
6813,49
6824,163
6827,56
6839,114
6840,34
6842,69
6850,56
6853,140
6877,178
6894,189
6928,148
6937,24
6940,105
6941,191
6948,60
6955,82
6971,34
7009,139
7010,42
7033,62
7040,84
7043,87
7045,15
7054,167
7067,171
7069,65
7084,4
7085,85
7096,106
7107,10
7109,184
7120,127
7131,25
7136,78
7140,107
7142,172
7160,82
7167,91
7178,38
7189,165
7197,132
7202,182
7205,111
7213,142
7217,165
7218,5
7243,142
7282,199
7290,167
7293,84
7295,50
7301,181
7303,38
7344,82
7381,136
7383,67
7385,197
7392,144
7424,3
7426,136
7442,23
7470,105
7473,111
7478,169
7489,84
7501,73
7512,54
7552,127
7563,184
7568,30
7577,169
7599,68
7600,32
7606,23
7611,148
7634,31
7644,191
7671,187
7677,175
7700,172
7706,31
7710,42
7719,40
7727,35
7739,24
7741,2
7744,170
7745,33
7764,15
7767,107
7773,135
7779,57
7780,29
7783,198
7795,144
7813,121
7823,177
7834,46
7840,30
1,155
8,107
27,7
56,1
60,16
66,66
67,102
85,49
93,135
99,158
108,16
113,58
124,115
131,80
140,53
143,130
146,150
162,119
167,164
171,59
180,87
223,197
225,189
229,183
231,9
239,42
244,44
250,155
291,75
294,55
303,111
309,33
321,126
326,140
330,127
346,31
369,199
384,189
400,194
424,25
425,96
437,19
438,181
445,98
449,149
472,65
486,16
495,69
511,193
520,67
521,11
529,19
547,179
557,140
563,95
567,42
585,181
592,135
615,85
618,94
626,36
642,76
653,182
662,82
689,20
692,146
762,52
773,140
796,178
803,146
826,119
846,102
852,57
873,168
881,48
897,46
900,65
909,61
927,88
933,105
936,107
945,95
952,184
953,23
958,30
974,20
977,57
979,122
981,56
990,197
1005,116
1008,57
1020,111
1023,145
1030,128
1034,123
1041,125
1049,22
1064,11
1078,137
1084,1
1094,188
1120,199
1121,40
1137,93
1147,178
1152,192
1171,36
1203,171
1209,119
1211,130
1225,87
1244,7
1267,80
1269,89
1307,31
1311,66
1322,69
1333,159
1338,62
1354,106
1372,146
1389,32
1391,69
1394,136
1406,50
1416,144
1444,99
1446,28
1456,101
1460,7
1463,171
1470,121
1474,134
1491,171
1492,89
1502,196
1514,152
1517,20
1527,28
1546,49
1556,73
1560,2
1570,135
1585,136
1591,33
1616,9
1619,56
1621,122
1623,97
1626,158
1629,55
1641,197
1656,107
1695,105
1696,23
1703,133
1707,84
1716,35
1737,113
1759,191
1786,153
1807,14
1817,7
1821,65
1839,29
1848,135
1856,132
1860,120
1863,3
1889,45
1900,126
1919,185
1928,50
1937,169
1938,23
1947,145
1956,115
1969,20
1986,79
2006,26
2043,7
2045,65
2049,80
2051,75
2056,18
2075,160
2076,26
2078,98
2087,183
2110,118
2122,47
2125,106
2130,190
2132,1
2139,137
2141,88
2158,73
2159,189
2166,185
2191,10
2196,102
2205,136
2209,129
2220,6
2239,200
2249,97
2250,182
2257,16
2259,190
2265,57
2277,7
2283,160
2285,187
2286,22
2299,93
2300,106
2339,199
2340,85
2350,127
2367,166
2387,117
2427,165
2428,71
2434,186
2456,84
2470,177
2483,120
2486,15
2495,50
2525,43
2530,104
2538,67
2539,39
2540,32
2545,38
2548,69
2555,156
2567,62
2572,193
2576,177
2586,38
2615,67
2631,94
2645,67
2673,114
2681,86
2690,15
2719,139
2727,83
2728,103
2739,4
2740,15
2750,10
2775,180
2796,61
2816,67
2818,192
2861,158
2863,25
2864,52
2866,188
2874,61
2891,75
2893,104
2896,71
2904,51
2907,3
2908,125
2910,191
2922,160
2934,70
2949,97
2952,65
2960,99
2965,72
2987,33
2988,122
2989,92
3026,122
3028,91
3041,84
3063,12
3075,90
3107,117
3111,124
3127,119
3160,129
3165,94
3169,188
3174,167
3184,163
3209,186
3211,190
3212,101
3237,188
3287,170
3295,12
3311,47
3320,87
3330,107
3354,18
3360,72
3363,32
3374,120
3379,145
3389,3
3394,142
3405,117
3407,125
3425,171
3429,121
3472,20
3476,7
3498,82
3510,1
3512,48
3513,45
3521,160
3526,100
3527,29
3561,179
3587,110
3590,30
3621,41
3654,53
3661,140
3690,4
3691,4
3766,157
3785,109
3809,99
3810,80
3818,98
3823,48
3824,107
3841,160
3857,142
3858,195
3874,175
3875,135
3879,164
3880,9
3909,89
3919,50
3932,153
3947,90
3979,52
3980,86
3993,86
3994,175
4002,12
4003,2
4007,101
4018,127
4021,142
4027,180
4034,58
4047,172
4048,164
4049,34
4060,198
4072,135
4099,200
4118,151
4149,153
4160,145
4165,167
4171,158
4189,134
4202,52
4207,139
4210,33
4216,25
4219,92
4231,101
4266,75
4268,167
4277,131
4297,154
4298,31
4307,71
4315,165
4325,176
4362,153
4384,84
4386,178
4393,115
4397,41
4398,56
4407,109
4414,81
4420,120
4421,120
4424,145
4433,122
4446,154
4451,110
4483,74
4498,70
4512,27
4517,72
4523,114
4524,110
4525,75
4531,185
4535,96
4536,176
4569,178
4572,71
4580,135
4598,130
4601,56
4613,195
4619,37
4629,86
4638,153
4647,142
4652,160
4658,73
4669,47
4686,80
4693,27
4707,123
4710,4
4720,99
4721,197
4738,91
4752,171
4756,132
4790,54
4810,42
4823,138
4825,150
4829,5
4831,119
4840,42
4864,23
4873,25
4888,7
4900,192
4907,142
4910,116
4918,103
4922,123
4936,32
4937,1
4942,33
4945,199
4957,169
4966,98
4967,38
5000,160
5016,127
5019,64
5028,97
5045,172
5060,19
5061,165
5082,128
5091,152
5101,140
5125,21
5132,38
5143,126
5147,21
5154,25
5165,159
5167,117
5178,165
5189,176
5215,101
5219,198
5228,13
5230,109
5231,121
5236,80
5251,40
5294,4
5295,135
5296,41
5301,16
5303,135
5314,177
5317,157
5359,191
5360,15
5362,182
5365,161
5374,160
5391,136
5405,30
5408,4
5412,182
5433,97
5445,193
5452,84
5467,166
5477,129
5484,117
5486,110
5494,97
5500,5
5506,119
5525,31
5532,173
5548,84
5551,100
5558,89
5564,22
5570,79
5574,133
5576,112
5585,88
5586,56
5611,30
5616,83
5641,29
5655,99
5660,173
5692,70
5705,200
5707,103
5740,67
5778,139
5789,167
5798,190
5806,85
5807,160
5811,141
5813,161
5815,31
5818,145
5833,71
5838,91
5840,54
5843,27
5844,7
5852,147
5858,199
5859,179
5894,185
5925,195
5982,59
5986,13
5989,177
5990,129
6000,142
6009,165
6025,91
6026,86
6031,119
6032,165
6056,98
6085,117
6105,159
6108,45
6111,174
6134,168
6152,20
6158,134
6160,34
6173,138
6184,38
6188,22
6207,78
6212,75
6215,105
6228,120
6256,192
6275,121
6276,23
6280,54
6282,147
6287,140
6289,91
6303,81
6309,153
6312,92
6314,157
6323,135
6330,134
6334,124
6341,29
6343,142
6344,118
6382,191
6395,123
6403,137
6406,52
6411,125
6413,118
6414,166
6429,73
6440,138
6444,168
6472,184
6484,143
6485,199
6496,5
6528,133
6532,164
6543,97
6554,181
6555,8
6556,33
6578,40
6584,151
6586,52
6589,104
6608,167
6619,120
6621,77
6646,26
6648,109
6652,147
6655,197
6662,123
6666,20
6674,80
6677,193
6678,17
6680,136
6690,73
6718,163
6724,116
6726,127
6748,110
6758,21
6764,66
6793,95
6804,93
6816,46
6820,146
6841,7
6848,191
6857,190
6875,162
6876,132
6879,187
6880,192
6908,57
6909,118
6911,188
6913,32
6923,162
6924,96
6930,6
6933,4
6947,16
6951,69
6954,17
6960,50
6961,1
6975,190
6979,118
6989,141
6993,167
6994,164
6996,154
6997,151
7002,25
7012,143
7042,138
7061,4
7073,54
7076,38
7079,180
7086,120
7117,145
7128,39
7150,74
7158,7
7168,132
7179,184
7182,27
7183,5
7190,20
7191,166
7208,133
7215,137
7219,198
7237,194
7239,182
7246,64
7251,93
7256,114
7270,28
7272,165
7279,92
7285,92
7292,68
7296,197
7298,37
7304,7
7316,103
7329,158
7342,150
7359,58
7361,193
7369,180
7378,119
7391,151
7408,110
7425,64
7433,51
7436,57
7437,179
7446,45
7457,108
7462,45
7463,54
7469,110
7472,94
7475,45
7476,181
7496,89
7499,36
7525,200
7527,106
7533,64
7535,139
7536,181
7557,131
7558,172
7565,153
7566,78
7581,98
7585,178
7593,11
7598,184
7602,134
7609,118
7625,138
7630,175
7632,63
7637,39
7638,48
7646,84
7653,25
7667,164
7672,152
7675,81
7678,70
7683,34
7684,111
7685,34
7688,110
7693,28
7695,164
7702,107
7705,141
7708,133
7711,139
7713,193
7771,37
7782,63
7800,32
7839,131
7841,89
10,115
24,133
32,21
57,59
61,47
71,138
76,167
79,26
81,140
103,139
111,13
129,142
138,10
154,151
155,71
173,71
183,146
186,182
190,105
191,147
212,86
214,75
219,115
236,69
272,179
276,155
285,6
300,173
305,32
311,82
324,121
325,102
328,60
331,130
350,48
355,188
356,83
421,113
428,20
440,144
441,129
456,158
460,53
466,39
481,28
494,144
506,19
527,56
530,135
531,82
532,16
539,48
558,176
559,9
560,117
565,101
570,152
571,99
579,55
581,186
583,18
597,70
598,90
604,151
605,97
654,77
668,197
682,22
684,47
710,3
731,108
733,155
745,26
752,18
801,1
816,180
837,193
838,113
845,16
848,23
860,90
861,152
869,110
878,169
879,12
880,82
885,139
887,86
893,19
906,97
912,56
918,192
956,65
964,161
980,53
983,161
993,78
1007,187
1022,114
1029,138
1035,170
1042,75
1066,199
1069,136
1089,142
1098,44
1104,99
1112,40
1124,15
1125,161
1134,173
1150,62
1163,28
1165,123
1173,128
1178,43
1185,16
1187,95
1191,167
1212,131
1232,157
1245,95
1268,167
1274,27
1281,28
1288,99
1293,42
1294,21
1301,151
1316,83
1335,36
1341,119
1373,88
1379,58
1401,85
1426,12
1467,195
1486,153
1494,72
1508,122
1523,31
1537,117
1551,86
1552,19
1563,122
1594,180
1620,50
1632,159
1654,126
1672,187
1679,103
1680,156
1711,121
1712,187
1713,195
1714,140
1718,142
1726,6
1728,78
1732,6
1739,44
1743,42
1774,88
1803,100
1804,140
1808,112
1810,18
1812,22
1823,142
1828,52
1832,7
1834,146
1851,138
1862,49
1867,64
1871,68
1891,38
1893,130
1895,194
1899,179
1902,89
1904,45
1907,101
1912,134
1915,29
1918,38
1920,80
1941,115
1944,177
1948,64
1968,131
1971,13
1973,101
1979,77
1984,181
1994,165
1997,165
2019,106
2023,110
2039,116
2041,124
2052,88
2064,50
2080,32
2082,197
2086,79
2091,137
2093,100
2103,107
2129,179
2135,119
2168,153
2169,113
2170,4
2173,137
2185,37
2193,8
2202,32
2206,118
2210,84
2213,19
2223,113
2237,41
2256,78
2261,20
2282,35
2308,13
2312,94
2314,75
2319,12
2334,29
2337,194
2341,130
2344,108
2363,98
2366,20
2378,138
2380,55
2390,188
2391,158
2400,153
2438,7
2451,169
2462,101
2464,199
2474,100
2476,199
2489,74
2494,47
2499,85
2510,113
2521,44
2547,22
2565,165
2603,101
2609,108
2610,94
2630,51
2637,142
2641,145
2647,155
2655,51
2661,38
2710,7
2721,39
2736,140
2746,188
2751,96
2763,109
2764,17
2770,132
2772,168
2777,27
2780,87
2791,41
2808,136
2820,149
2834,109
2849,69
2859,198
2875,40
2877,108
2879,97
2909,87
2927,114
2942,138
2944,109
2984,79
2985,143
2994,43
2995,73
3004,176
3021,93
3033,119
3040,113
3062,35
3065,131
3067,125
3071,9
3076,109
3105,26
3116,69
3120,9
3124,54
3130,55
3136,74
3140,130
3157,147
3176,130
3198,43
3213,106
3220,12
3242,140
3245,53
3252,47
3277,20
3296,13
3304,63
3313,117
3314,154
3315,162
3317,3
3382,190
3383,32
3402,58
3409,63
3430,89
3442,39
3450,109
3452,126
3468,181
3480,97
3493,132
3497,75
3501,157
3531,37
3553,17
3556,152
3576,32
3616,45
3618,15
3623,30
3624,15
3645,75
3657,52
3659,26
3662,176
3667,9
3670,158
3677,80
3683,166
3684,173
3693,164
3701,191
3702,18
3703,25
3705,82
3707,109
3733,39
3737,83
3738,14
3740,1
3751,35
3755,179
3756,181
3759,115
3760,128
3781,183
3782,179
3822,3
3842,1
3850,19
3856,81
3878,43
3892,45
3926,197
3930,180
3942,188
3951,114
3955,16
3956,22
3967,41
3975,200
3987,194
4006,53
4029,166
4031,32
4065,162
4071,4
4076,121
4077,99
4087,67
4088,116
4090,62
4105,78
4127,76
4130,22
4131,28
4135,21
4146,115
4152,191
4166,1
4178,78
4180,183
4192,4
4201,30
4218,142
4223,199
4229,55
4232,165
4233,113
4237,93
4241,177
4259,116
4306,108
4309,174
4320,83
4324,163
4335,83
4347,189
4365,112
4369,105
4371,24
4399,109
4417,40
4435,133
4436,41
4439,161
4443,58
4449,85
4455,111
4456,68
4476,29
4489,135
4500,90
4507,41
4519,86
4538,129
4557,114
4560,99
4565,182
4577,53
4582,63
4603,20
4611,87
4618,4
4634,196
4654,114
4661,74
4667,57
4689,141
4690,66
4705,132
4719,21
4722,169
4723,77
4725,189
4734,104
4737,48
4755,143
4769,148
4773,158
4777,194
4789,94
4793,129
4800,41
4801,62
4819,91
4827,29
4838,189
4844,171
4879,126
4889,169
4892,145
4893,104
4895,169
4897,42
4913,9
4921,132
4940,73
4949,105
4985,143
4989,102
4995,32
5002,11
5004,19
5009,40
5032,155
5058,176
5068,191
5108,162
5112,62
5115,196
5118,115
5150,187
5155,172
5164,139
5169,199
5176,93
5177,150
5182,188
5186,57
5199,67
5201,106
5216,93
5243,10
5247,27
5256,193
5278,187
5281,90
5285,61
5290,54
5308,108
5343,129
5348,184
5351,141
5352,16
5353,2
5369,110
5375,55
5392,152
5404,156
5428,156
5429,186
5430,108
5439,120
5443,52
5450,13
5460,157
5483,195
5491,124
5495,165
5516,113
5518,51
5520,53
5523,157
5540,3
5541,66
5560,56
5568,118
5575,40
5580,177
5605,200
5606,146
5615,124
5633,164
5640,64
5647,95
5648,126
5673,181
5697,67
5698,175
5713,25
5718,133
5726,130
5746,23
5752,110
5758,153
5769,196
5795,52
5796,185
5797,135
5809,128
5817,103
5886,112
5889,200
5892,29
5897,1
5911,64
5915,53
5916,145
5950,28
5951,42
5960,165
5975,155
5976,98
5979,21
5985,68
5988,88
5997,90
5999,52
6008,86
6044,150
6063,196
6067,73
6068,109
6072,113
6087,115
6109,151
6116,106
6166,197
6175,108
6179,84
6182,62
6191,44
6204,98
6214,104
6221,110
6231,125
6238,185
6240,50
6245,80
6248,81
6249,87
6264,150
6281,7
6292,153
6307,126
6325,87
6339,40
6351,2
6353,31
6362,35
6363,151
6365,29
6368,98
6375,126
6385,160
6398,138
6419,39
6425,181
6431,93
6452,71
6454,112
6458,104
6474,72
6481,23
6488,54
6540,179
6545,91
6571,102
6575,92
6588,60
6598,83
6617,120
6618,27
6620,94
6630,96
6632,179
6639,37
6645,122
6656,27
6660,102
6682,22
6683,54
6684,95
6696,73
6697,6
6705,125
6710,149
6719,192
6723,171
6729,30
6731,31
6762,153
6775,159
6776,87
6782,46
6801,1
6814,15
6823,192
6831,124
6855,133
6869,114
6870,42
6882,158
6898,10
6899,15
6910,69
6931,160
6944,80
6945,68
6966,161
6978,65
6999,86
7004,176
7006,103
7011,140
7016,132
7021,101
7022,200
7025,51
7047,7
7057,105
7064,131
7068,162
7087,61
7114,173
7122,104
7138,90
7139,157
7146,6
7154,184
7163,71
7171,123
7175,81
7188,128
7192,100
7200,195
7223,29
7230,1
7249,169
7265,164
7276,59
7286,194
7318,187
7337,21
7339,95
7341,111
7362,163
7386,175
7387,29
7414,192
7419,43
7423,153
7428,124
7438,95
7459,43
7460,78
7471,67
7481,124
7485,11
7487,28
7493,166
7495,159
7511,63
7517,11
7526,89
7539,100
7546,43
7550,19
7560,20
7567,159
7570,85
7573,29
7589,72
7603,60
7615,42
7627,139
7628,64
7640,123
7654,81
7658,180
7661,185
7666,148
7670,182
7696,67
7698,37
7709,157
7716,24
7752,49
7760,22
7766,110
7796,90
7802,165
7806,18
7833,190
4,21
7,80
11,194
12,190
16,106
35,32
40,12
82,143
98,183
115,50
118,188
122,121
141,21
152,92
157,5
174,71
202,184
211,38
233,49
237,35
242,69
247,1
257,197
267,7
268,114
282,113
284,180
292,84
297,146
308,16
314,13
319,80
322,177
323,184
347,176
352,15
365,139
379,199
386,142
401,59
407,100
416,117
422,76
432,191
434,133
451,37
452,100
471,52
490,81
516,66
528,28
534,165
536,72
537,153
538,136
546,108
552,38
553,15
574,151
576,84
595,194
599,186
600,145
622,51
624,147
627,118
631,188
651,181
673,153
683,171
690,113
700,58
702,186
716,180
719,47
727,100
729,10
735,121
760,65
761,144
788,168
798,167
799,70
804,42
808,161
810,84
814,187
815,95
818,132
829,164
840,16
859,10
868,168
883,66
895,103
898,36
913,19
916,120
922,114
926,17
950,6
957,40
967,15
970,60
986,101
995,121
996,119
999,14
1002,102
1013,139
1037,37
1040,126
1043,21
1059,150
1070,99
1075,158
1076,38
1077,78
1092,191
1106,65
1130,73
1136,54
1138,173
1160,97
1162,123
1182,149
1193,97
1196,55
1210,12
1214,1
1217,7
1227,35
1230,87
1233,115
1240,133
1249,90
1257,122
1259,118
1280,5
1282,85
1283,5
1286,74
1287,41
1302,125
1318,37
1324,72
1336,83
1345,134
1350,123
1365,17
1367,116
1371,143
1384,29
1385,70
1387,5
1392,47
1403,195
1404,26
1421,61
1432,122
1435,167
1437,33
1449,139
1452,194
1454,171
1455,61
1457,94
1469,178
1471,114
1473,12
1493,133
1501,1
1530,60
1534,51
1557,44
1572,19
1578,130
1581,176
1582,15
1587,46
1592,200
1595,189
1606,168
1611,134
1614,145
1635,1
1668,7
1677,175
1681,118
1702,114
1704,169
1710,100
1722,60
1741,134
1746,78
1747,37
1763,30
1792,183
1806,87
1825,61
1831,22
1840,135
1845,2
1847,92
1855,77
1857,32
1866,63
1874,46
1876,124
1911,7
1914,70
1924,72
1925,104
1930,32
1951,96
1981,12
1987,46
2003,121
2027,10
2048,181
2050,188
2057,41
2059,40
2081,197
2095,106
2107,163
2111,107
2121,191
2136,181
2171,173
2175,137
2184,36
2186,149
2203,108
2232,69
2240,148
2248,17
2272,167
2291,86
2301,171
2305,132
2307,143
2316,7
2318,33
2328,158
2329,32
2335,38
2356,53
2362,118
2369,192
2375,78
2381,115
2388,136
2394,17
2399,61
2415,84
2421,3
2423,92
2425,154
2437,42
2439,152
2440,126
2448,167
2475,62
2484,7
2496,84
2505,145
2506,79
2520,91
2522,153
2524,120
2537,48
2564,37
2582,22
2588,151
2599,8
2602,165
2617,128
2625,149
2651,2
2666,8
2670,132
2683,125
2684,124
2698,150
2699,27
2702,87
2703,144
2704,114
2708,60
2712,131
2723,98
2730,154
2743,43
2759,7
2786,50
2790,165
2792,61
2793,79
2797,90
2806,84
2823,90
2826,68
2836,54
2844,153
2854,171
2869,14
2871,96
2881,152
2884,33
2885,181
2924,177
2930,95
2941,131
2956,28
2975,178
2977,102
2992,187
3014,52
3027,71
3029,162
3042,4
3047,96
3048,77
3081,30
3083,167
3099,180
3106,183
3118,191
3129,151
3135,197
3139,138
3158,117
3164,118
3171,195
3192,41
3197,167
3217,61
3225,193
3231,66
3236,45
3240,111
3241,102
3278,64
3286,107
3289,107
3299,23
3307,12
3318,70
3321,98
3323,31
3347,53
3350,166
3358,79
3387,10
3410,135
3422,6
3439,83
3454,170
3491,66
3500,136
3503,197
3528,153
3539,86
3540,87
3546,151
3548,136
3558,176
3560,177
3577,107
3584,179
3585,108
3586,71
3609,147
3613,116
3615,22
3626,193
3627,55
3635,175
3660,171
3663,88
3666,16
3679,36
3680,4
3681,190
3685,97
3686,165
3730,131
3732,121
3746,112
3747,146
3757,37
3774,171
3777,76
3793,2
3798,175
3800,39
3807,51
3815,197
3839,144
3840,181
3845,65
3849,17
3851,140
3852,53
3890,36
3927,11
3943,51
3946,105
3952,114
3954,162
3960,30
3969,53
3981,69
3995,116
4004,104
4011,169
4014,15
4022,138
4032,163
4043,106
4055,88
4081,28
4083,28
4097,6
4110,83
4112,15
4117,38
4120,106
4121,129
4124,164
4128,198
4136,105
4139,105
4143,70
4147,149
4155,73
4167,163
4186,55
4200,102
4204,131
4217,153
4239,109
4246,78
4248,159
4250,114
4256,157
4260,71
4276,64
4287,12
4295,57
4301,87
4313,7
4330,6
4332,115
4334,92
4337,106
4340,145
4341,104
4349,42
4356,200
4363,50
4366,130
4370,85
4378,69
4400,92
4406,98
4416,86
4419,83
4428,170
4448,77
4480,69
4485,47
4486,66
4506,151
4510,126
4511,192
4514,88
4533,117
4542,38
4544,86
4545,198
4548,200
4553,134
4578,46
4585,39
4591,177
4592,23
4633,92
4655,150
4662,91
4673,55
4698,91
4702,53
4703,69
4712,32
4742,24
4749,173
4750,171
4768,21
4784,124
4808,128
4834,61
4836,25
4845,25
4851,19
4874,127
4880,200
4882,57
4884,158
4916,68
4953,136
4956,138
4959,30
4960,196
4968,88
4987,137
4994,71
5013,23
5017,109
5021,177
5046,73
5048,157
5057,193
5085,192
5095,168
5098,95
5100,41
5104,122
5105,67
5106,79
5124,81
5129,100
5133,69
5144,58
5145,185
5146,32
5148,200
5158,88
5183,164
5197,105
5221,123
5224,40
5229,149
5237,90
5254,35
5279,151
5297,38
5300,107
5306,31
5328,36
5339,149
5371,126
5382,27
5385,116
5395,93
5397,39
5406,133
5446,2
5449,79
5463,87
5472,87
5478,124
5487,21
5502,32
5507,111
5521,104
5529,176
5536,110
5538,84
5599,7
5617,80
5622,85
5638,76
5643,121
5649,17
5688,109
5689,104
5690,139
5695,107
5696,83
5706,176
5716,159
5745,154
5754,101
5756,142
5771,108
5777,9
5788,12
5827,2
5828,71
5830,172
5863,148
5873,52
5882,108
5901,177
5904,125
5905,46
5906,132
5923,57
5927,194
5955,4
5973,115
6005,72
6017,6
6019,138
6039,156
6042,12
6050,46
6073,148
6076,68
6088,65
6090,92
6093,194
6098,74
6101,113
6124,75
6125,75
6130,132
6145,81
6148,183
6150,63
6154,26
6172,189
6181,49
6189,89
6195,119
6197,108
6201,85
6219,19
6230,167
6237,192
6239,69
6242,25
6243,56
6257,143
6266,103
6270,175
6278,21
6284,60
6288,10
6302,35
6304,119
6305,129
6306,130
6355,72
6359,116
6383,166
6388,187
6409,50
6415,19
6423,72
6427,76
6439,133
6446,42
6455,154
6457,188
6471,125
6486,104
6489,78
6492,35
6498,50
6519,24
6521,118
6529,122
6531,34
6533,24
6547,51
6562,188
6567,192
6569,137
6570,49
6579,129
6585,99
6594,96
6604,67
6610,103
6615,70
6622,50
6627,70
6631,27
6647,143
6657,54
6659,171
6661,190
6667,156
6675,168
6676,161
6689,183
6692,72
6702,128
6709,58
6714,42
6721,150
6725,11
6728,112
6735,161
6737,32
6740,161
6760,157
6765,195
6766,145
6787,123
6789,23
6791,97
6795,25
6796,187
6802,95
6811,25
6847,145
6873,4
6874,197
6888,54
6890,169
6891,175
6896,87
6915,14
6922,152
6929,146
6936,129
6943,109
6949,36
6984,184
6985,59
6992,105
7015,140
7029,103
7048,12
7052,54
7056,177
7062,54
7063,141
7083,106
7090,150
7123,93
7151,10
7157,124
7164,184
7166,81
7203,80
7209,21
7221,175
7224,17
7225,50
7226,137
7242,116
7248,62
7258,200
7269,123
7328,97
7363,171
7368,79
7370,55
7382,21
7390,159
7395,61
7406,82
7435,177
7449,72
7461,41
7494,16
7503,158
7520,144
7547,174
7595,178
7601,50
7605,49
7620,64
7621,131
7639,114
7643,76
7660,7
7673,166
7690,12
7701,191
7721,78
7731,185
7737,156
7738,128
7742,130
7746,154
7762,160
7763,83
7769,191
7774,194
7781,175
7804,130
7807,93
7822,78
7831,80
7843,79
30,160
45,56
50,98
59,169
75,185
80,46
102,66
112,45
123,84
139,31
142,181
153,95
156,127
176,45
179,21
196,32
203,166
210,160
213,171
220,123
224,36
245,7
253,60
258,199
262,67
265,6
269,89
274,74
293,23
299,26
302,27
304,54
310,111
336,143
353,79
372,159
374,127
381,167
398,190
417,72
418,32
419,170
446,26
448,129
453,36
454,130
458,198
474,108
483,144
487,193
491,162
493,81
496,152
497,84
499,193
510,152
512,17
523,126
526,72
535,177
545,127
550,9
551,38
555,67
573,92
582,112
588,17
606,41
607,198
617,188
629,40
636,124
643,58
644,17
645,35
659,14
663,5
671,157
678,87
685,72
691,120
694,24
701,161
711,109
720,155
744,188
751,149
767,121
784,127
791,149
792,32
795,67
802,5
811,33
825,4
827,26
844,53
857,81
901,76
917,32
919,144
930,150
932,198
942,139
948,49
1014,161
1019,87
1082,151
1097,14
1100,70
1105,194
1108,102
1129,168
1133,176
1140,101
1153,9
1200,178
1207,188
1226,165
1228,121
1236,68
1237,21
1252,77
1253,129
1258,133
1272,108
1277,37
1278,84
1291,174
1315,120
1317,139
1328,129
1331,130
1339,40
1340,7
1343,12
1346,73
1364,139
1407,15
1408,79
1414,183
1431,158
1433,135
1480,155
1488,168
1490,123
1495,153
1510,159
1521,42
1524,181
1545,23
1558,146
1586,15
1596,84
1622,151
1627,84
1645,95
1652,107
1662,12
1666,140
1673,99
1684,64
1689,51
1694,87
1697,153
1699,3
1708,47
1729,5
1736,104
1740,76
1750,182
1756,24
1760,152
1762,175
1766,72
1778,174
1783,141
1795,123
1801,180
1836,56
1850,54
1881,26
1892,19
1897,114
1903,183
1917,101
1962,147
1967,49
1982,137
1991,74
1996,95
2009,182
2014,10
2016,192
2025,185
2029,134
2031,117
2032,182
2033,63
2046,32
2070,151
2088,5
2097,112
2118,81
2119,95
2137,44
2149,174
2156,158
2162,129
2164,199
2195,112
2197,183
2198,113
2208,166
2215,169
2230,152
2234,73
2238,75
2253,16
2262,111
2263,195
2271,106
2294,8
2313,177
2320,142
2323,59
2325,120
2327,21
2332,170
2336,11
2348,200
2370,20
2374,170
2379,158
2395,166
2397,54
2408,45
2412,108
2447,149
2465,48
2468,184
2469,7
2472,22
2473,180
2479,189
2488,50
2507,179
2515,145
2517,88
2529,14
2543,152
2578,55
2593,21
2595,67
2621,185
2646,179
2656,190
2657,133
2659,126
2669,29
2678,138
2682,198
2688,81
2695,35
2697,6
2706,98
2713,119
2716,105
2724,21
2729,153
2731,45
2756,167
2761,137
2800,176
2802,189
2804,16
2810,183
2830,28
2852,96
2855,121
2856,40
2860,88
2878,51
2919,97
2961,92
2980,24
2986,64
3006,141
3020,17
3023,164
3030,68
3036,179
3045,158
3054,152
3058,66
3079,76
3082,72
3091,162
3101,72
3114,29
3142,115
3145,5
3153,163
3159,171
3186,193
3188,19
3190,67
3205,155
3208,13
3214,141
3223,92
3256,39
3262,89
3271,10
3288,171
3292,156
3303,68
3322,134
3331,143
3334,30
3336,174
3339,63
3340,61
3349,146
3352,196
3353,158
3373,60
3377,144
3378,144
3381,20
3384,26
3397,146
3398,32
3413,21
3420,160
3426,46
3428,71
3446,98
3448,184
3458,61
3460,184
3464,155
3470,73
3490,151
3494,78
3507,75
3508,145
3518,1
3520,13
3532,167
3537,153
3538,132
3552,113
3559,19
3562,96
3567,105
3574,159
3579,96
3596,119
3610,104
3632,131
3634,199
3646,128
3678,58
3682,86
3700,49
3709,186
3722,81
3727,102
3728,173
3763,54
3764,86
3770,59
3783,25
3784,173
3817,46
3834,107
3855,101
3860,118
3862,195
3872,100
3886,68
3887,10
3897,25
3913,37
3916,100
3918,25
3929,163
3964,65
3966,95
3984,160
3996,163
4019,46
4046,108
4066,82
4070,113
4086,45
4095,70
4140,30
4145,153
4163,70
4164,198
4169,196
4177,15
4181,111
4187,61
4191,47
4194,82
4199,103
4208,145
4227,80
4230,139
4251,183
4255,23
4261,25
4262,117
4275,190
4286,76
4291,126
4299,147
4310,194
4318,111
4342,78
4348,35
4351,83
4352,58
4353,132
4355,16
4358,77
4388,35
4402,151
4404,69
4411,41
4418,15
4426,114
4442,152
4452,121
4457,17
4469,148
4479,192
4482,71
4488,194
4492,135
4495,46
4499,86
4502,113
4515,97
4520,155
4532,105
4558,175
4559,51
4564,130
4568,99
4576,18
4584,179
4596,13
4612,122
4648,13
4672,15
4680,111
4685,156
4691,167
4699,106
4704,114
4706,7
4708,35
4711,55
4713,184
4727,127
4728,143
4733,102
4741,115
4744,197
4758,161
4761,86
4766,30
4767,54
4770,16
4774,2
4776,113
4782,150
4788,37
4802,188
4807,5
4811,130
4822,103
4842,159
4846,142
4854,122
4876,188
4886,14
4928,23
4932,157
4950,147
4962,198
4964,171
4969,38
4970,176
4973,111
4977,196
4984,120
5026,143
5029,193
5033,12
5075,151
5077,183
5084,64
5109,92
5111,47
5128,126
5151,41
5152,123
5157,175
5162,165
5172,142
5173,136
5180,50
5188,199
5192,149
5202,99
5204,187
5238,120
5250,167
5276,89
5288,139
5291,144
5309,46
5319,142
5330,55
5332,110
5349,19
5355,88
5373,98
5378,110
5394,26
5424,59
5436,155
5442,163
5457,3
5469,162
5475,127
5517,162
5527,77
5531,77
5535,56
5539,127
5552,69
5553,131
5556,163
5563,176
5565,95
5609,94
5612,64
5624,93
5626,196
5635,71
5666,17
5684,56
5691,44
5727,197
5733,131
5737,77
5742,152
5749,20
5757,190
5759,108
5775,151
5782,125
5800,28
5812,117
5814,35
5821,115
5822,90
5841,103
5842,124
5891,155
5912,192
5920,115
5922,52
5935,30
5936,62
5946,34
5952,126
5958,59
5959,90
5962,58
5995,86
6002,36
6010,81
6013,161
6022,20
6027,106
6035,122
6043,73
6047,116
6052,9
6057,43
6064,55
6099,123
6113,196
6115,50
6127,122
6129,110
6147,48
6149,6
6186,177
6194,160
6217,146
6224,98
6233,70
6254,34
6255,171
6294,181
6308,172
6335,93
6347,64
6348,81
6377,23
6404,49
6405,31
6437,84
6441,88
6442,137
6461,154
6469,132
6477,189
6500,97
6503,77
6514,19
6517,157
6523,167
6524,119
6526,43
6527,143
6561,27
6574,48
6602,189
6613,87
6664,2
6673,170
6688,138
6706,84
6708,135
6779,93
6790,10
6807,97
6838,155
6849,15
6854,15
6856,12
6862,78
6864,101
6865,181
6866,1
6881,29
6884,97
6893,172
6895,127
6901,50
6906,42
6912,56
6920,20
6935,145
6946,119
6983,171
6991,123
7000,89
7007,60
7037,138
7038,129
7051,85
7053,1
7066,181
7074,10
7091,169
7098,131
7119,43
7121,105
7132,192
7133,10
7145,181
7153,189
7161,102
7184,53
7195,140
7199,128
7201,47
7212,178
7216,106
7253,11
7262,70
7266,94
7267,99
7268,93
7271,73
7278,19
7291,133
7300,91
7302,185
7306,47
7323,110
7335,91
7336,63
7343,128
7345,54
7348,25
7371,30
7374,193
7379,149
7389,142
7404,10
7417,143
7418,126
7422,168
7431,38
7432,173
7453,37
7466,151
7477,40
7484,60
7521,92
7522,39
7531,145
7534,76
7542,188
7559,41
7594,26
7607,25
7610,27
7612,87
7626,134
7629,150
7641,179
7642,102
7647,125
7652,160
7656,38
7659,61
7692,46
7707,142
7722,59
7726,22
7757,158
7765,16
7770,12
7788,97
7789,170
7791,44
7792,180
7799,126
7803,169
7816,87
7824,175
7827,76
7828,65
7837,53
2,36
9,150
15,27
19,171
21,56
28,40
38,93
41,73
64,76
74,11
83,175
91,16
101,67
114,69
160,156
165,182
170,13
189,183
198,58
199,65
205,174
206,110
218,111
230,52
240,114
243,12
248,15
249,67
252,97
254,148
275,116
278,139
280,96
298,28
301,159
313,73
327,97
340,169
342,64
366,62
377,78
380,144
397,52
409,180
411,25
435,118
484,139
500,105
507,172
508,157
514,14
554,76
575,145
596,4
603,35
608,161
619,68
635,37
640,1
641,126
647,118
652,200
657,181
660,6
669,75
686,170
696,85
699,194
706,10
709,74
714,35
722,107
738,148
739,109
749,19
755,47
758,103
769,160
774,104
776,43
777,99
783,179
789,144
800,59
824,136
828,30
833,31
854,122
855,50
864,161
866,42
874,185
875,75
888,134
894,12
896,56
903,41
904,41
914,163
915,80
944,118
946,70
947,184
966,21
973,126
992,93
1012,180
1026,33
1033,157
1048,193
1051,50
1052,35
1053,188
1081,4
1083,134
1088,173
1091,123
1109,79
1116,72
1122,157
1131,46
1145,49
1146,55
1151,83
1164,128
1176,163
1177,146
1183,146
1194,147
1205,101
1218,151
1219,26
1220,14
1251,143
1254,61
1260,29
1261,36
1263,170
1289,60
1310,64
1314,102
1332,63
1334,42
1337,157
1344,129
1361,111
1374,164
1377,62
1383,145
1395,178
1398,81
1439,102
1464,99
1479,77
1482,32
1497,86
1509,42
1538,65
1540,61
1542,146
1561,165
1575,150
1577,138
1590,144
1628,23
1634,137
1642,80
1655,178
1658,169
1664,52
1674,145
1676,44
1688,9
1690,125
1709,118
1715,8
1720,190
1723,12
1751,26
1765,151
1767,127
1768,4
1770,89
1773,165
1775,38
1793,117
1796,14
1802,161
1813,87
1820,163
1827,3
1829,73
1830,172
1838,168
1844,42
1853,110
1873,19
1908,83
1933,45
1939,6
1945,145
1952,29
1957,99
1964,135
1966,42
1972,33
1977,159
1985,13
1993,143
2008,186
2040,55
2069,128
2074,177
2090,174
2096,114
2099,42
2102,120
2116,108
2117,118
2120,114
2131,141
2146,136
2154,150
2179,179
2199,82
2219,145
2251,190
2260,30
2266,27
2273,115
2284,89
2303,99
2357,45
2382,151
2383,143
2386,179
2398,50
2407,120
2411,55
2413,163
2416,167
2419,90
2426,7
2441,126
2444,90
2466,115
2467,63
2492,174
2508,176
2518,22
2523,116
2526,142
2527,108
2533,126
2535,73
2551,86
2556,55
2560,158
2561,146
2566,30
2581,129
2611,129
2624,47
2627,74
2632,100
2640,14
2644,144
2652,33
2664,197
2671,120
2745,126
2748,29
2749,197
2754,173
2755,164
2757,31
2768,121
2769,77
2774,173
2801,38
2807,10
2815,139
2825,190
2832,75
2839,164
2851,132
2858,175
2887,196
2888,71
2890,117
2899,50
2902,75
2913,90
2914,1
2920,148
2923,162
2931,83
2939,151
2945,49
2951,152
2957,135
2958,86
2966,110
2969,194
2978,89
3007,157
3025,189
3032,156
3035,88
3038,29
3064,8
3072,126
3078,134
3102,164
3108,153
3109,123
3122,61
3123,5
3148,98
3163,177
3167,190
3185,150
3196,19
3199,144
3201,152
3227,59
3260,89
3268,26
3270,27
3275,114
3276,19
3285,128
3308,77
3324,149
3326,143
3329,21
3335,5
3348,59
3362,102
3365,191
3386,68
3412,129
3423,63
3433,106
3436,61
3441,24
3445,191
3451,141
3453,136
3459,150
3463,92
3504,73
3524,30
3549,127
3554,143
3566,30
3572,111
3582,101
3583,70
3588,59
3599,167
3641,167
3648,4
3669,200
3692,105
3694,62
3697,63
3698,169
3708,122
3717,69
3720,192
3723,81
3726,124
3743,124
3748,88
3762,2
3786,32
3787,170
3791,154
3797,114
3801,66
3805,111
3811,126
3821,14
3827,23
3832,1
3838,195
3859,194
3861,104
3870,79
3882,62
3883,195
3889,5
3901,28
3905,12
3922,64
3940,160
3959,56
3963,139
3990,159
4020,182
4028,191
4036,34
4037,191
4051,199
4053,42
4056,199
4059,161
4067,117
4074,87
4075,18
4078,150
4104,73
4137,174
4142,45
4148,7
4159,72
4168,169
4183,146
4193,91
4220,49
4221,16
4228,127
4243,83
4245,150
4257,102
4274,13
4279,121
4292,88
4293,102
4300,92
4304,66
4305,119
4311,193
4321,191
4329,33
4331,26
4333,91
4338,81
4339,81
4354,89
4372,6
4376,8
4377,67
4383,151
4385,76
4403,160
4409,107
4413,77
4423,142
4429,104
4431,96
4450,22
4453,178
4465,96
4472,154
4474,34
4477,127
4501,79
4526,24
4530,163
4543,173
4550,142
4552,61
4574,92
4579,54
4583,167
4600,198
4616,53
4617,73
4636,28
4644,93
4649,52
4651,16
4653,91
4656,97
4660,165
4677,81
4679,124
4715,145
4726,177
4740,36
4751,45
4763,69
4779,123
4787,189
4795,189
4805,99
4806,23
4843,136
4850,154
4856,79
4870,84
4896,9
4898,34
4903,33
4911,95
4925,92
4929,91
4930,53
4931,169
4933,80
4943,170
4944,131
4955,60
4974,11
4978,43
4979,50
4981,104
4982,3
4992,43
5006,153
5007,22
5014,130
5031,123
5043,26
5047,105
5050,61
5055,104
5062,172
5081,140
5090,63
5092,90
5121,31
5126,50
5140,63
5142,159
5149,131
5160,100
5170,133
5175,163
5187,19
5209,63
5233,117
5234,173
5242,153
5252,80
5253,36
5257,160
5265,46
5267,15
5269,138
5283,99
5289,54
5312,169
5338,88
5345,42
5347,15
5358,182
5367,108
5383,180
5384,185
5410,51
5415,14
5425,111
5435,141
5440,11
5456,172
5466,59
5473,90
5474,154
5480,178
5482,42
5510,40
5512,32
5526,63
5557,100
5559,128
5604,145
5608,86
5632,81
5645,137
5654,28
5669,142
5670,88
5674,36
5675,161
5677,184
5678,49
5686,76
5703,2
5710,155
5728,10
5731,20
5732,188
5735,126
5738,180
5750,2
5762,45
5764,200
5767,167
5774,46
5776,47
5801,184
5819,3
5832,99
5839,133
5860,36
5864,81
5867,26
5875,30
5900,175
5903,46
5907,54
5909,41
5913,200
5914,8
5919,70
5931,123
5947,81
5953,130
5978,155
6001,121
6016,10
6018,121
6023,6
6024,86
6038,32
6048,16
6071,18
6074,42
6077,197
6080,19
6094,2
6096,41
6104,136
6137,105
6138,183
6146,56
6155,90
6187,165
6193,72
6198,187
6211,113
6213,150
6241,90
6247,142
6271,42
6295,65
6296,196
6297,62
6310,181
6316,125
6318,112
6332,153
6333,19
6338,12
6340,78
6342,154
6370,28
6374,194
6381,144
6384,108
6407,60
6417,171
6418,11
6421,186
6432,108
6460,132
6467,28
6470,152
6479,193
6493,97
6494,116
6513,125
6520,158
6537,106
6542,165
6564,87
6565,48
6573,23
6576,20
6581,119
6596,74
6607,30
6611,135
6623,184
6629,177
6635,2
6637,44
6638,4
6650,131
6670,35
6686,35
6699,150
6703,176
6722,136
6727,3
6742,93
6743,127
6751,99
6771,138
6772,42
6792,70
6815,172
6825,19
6826,169
6830,171
6836,133
6837,121
6843,19
6844,17
6846,43
6858,91
6859,57
6878,125
6883,69
6887,153
6902,160
6934,30
6942,13
6950,192
6956,83
6962,126
6972,159
6977,112
6982,105
7035,15
7046,79
7049,32
7055,198
7058,81
7060,3
7065,181
7075,50
7089,144
7093,5
7097,26
7103,171
7105,42
7110,133
7113,131
7115,37
7118,169
7125,197
7147,82
7162,70
7181,103
7185,80
7193,85
7233,143
7241,85
7254,19
7257,124
7263,137
7264,2
7280,83
7281,171
7284,175
7287,27
7294,5
7297,122
7314,184
7320,19
7334,178
7349,96
7352,184
7354,1
7357,158
7367,89
7373,56
7393,17
7400,63
7427,106
7440,123
7443,1
7445,35
7447,55
7448,98
7451,187
7474,166
7502,15
7505,148
7507,188
7509,24
7515,66
7516,143
7532,67
7537,152
7543,191
7545,33
7549,71
7551,195
7576,96
7579,31
7583,19
7604,24
7623,25
7650,161
7668,47
7669,126
7676,40
7682,91
7686,42
7689,189
7691,72
7697,142
7715,30
7732,157
7733,30
7734,6
7736,62
7753,71
7756,102
7776,17
7787,33
7790,176
7819,59
7821,114
7830,103
7832,18
7842,135
22,18
23,61
34,162
46,172
69,93
70,122
77,49
84,77
86,59
89,175
106,185
128,177
130,98
145,117
147,68
150,64
172,34
188,69
200,94
234,11
246,56
251,12
256,10
263,193
289,161
332,95
343,120
348,130
363,168
364,116
393,54
394,153
406,129
410,50
427,7
430,87
431,190
461,152
464,192
465,158
467,36
468,26
470,32
480,36
505,97
513,9
533,190
562,144
566,42
572,45
580,82
586,96
587,193
590,101
620,131
656,128
665,23
680,38
681,105
688,95
707,1
708,118
712,125
713,134
715,24
721,37
725,177
736,50
746,104
747,126
750,33
765,138
766,51
770,47
772,9
779,6
781,159
806,18
817,73
847,64
856,78
925,119
929,155
937,24
940,151
959,125
961,168
968,16
994,165
998,11
1003,122
1009,6
1011,105
1024,74
1032,155
1038,91
1058,152
1062,20
1074,123
1095,157
1099,140
1114,160
1139,74
1159,29
1166,139
1172,126
1179,134
1195,7
1199,35
1202,12
1204,174
1222,65
1229,97
1239,103
1242,125
1256,91
1303,150
1312,80
1319,144
1320,119
1370,14
1378,87
1380,200
1382,54
1393,29
1424,129
1425,129
1430,105
1441,157
1447,120
1448,46
1462,86
1466,161
1476,143
1487,19
1498,159
1515,60
1520,27
1532,177
1543,196
1547,167
1550,117
1553,46
1571,77
1574,149
1576,194
1588,15
1589,18
1598,178
1608,170
1644,91
1651,150
1661,40
1663,40
1667,16
1669,45
1685,70
1698,173
1731,135
1749,150
1752,18
1761,184
1782,36
1789,186
1818,168
1826,164
1835,102
1837,180
1846,115
1852,23
1854,20
1861,195
1864,108
1865,173
1882,146
1883,92
1886,166
1887,84
1888,2
1905,125
1909,145
1921,157
1923,14
1929,64
1934,41
1946,111
1958,131
1960,97
1965,160
1976,142
1989,180
1999,174
2015,196
2017,65
2020,195
2024,130
2055,68
2060,147
2065,153
2106,186
2112,108
2127,114
2133,126
2165,168
2167,3
2178,161
2200,48
2207,18
2214,149
2216,136
2222,123
2247,80
2274,168
2279,194
2281,172
2287,101
2289,110
2297,173
2321,7
2338,3
2355,42
2365,106
2368,124
2403,73
2418,160
2424,95
2431,143
2443,39
2446,50
2452,119
2455,121
2460,60
2463,17
2471,8
2478,175
2481,20
2493,58
2497,97
2498,74
2519,107
2542,14
2562,150
2580,95
2587,53
2594,62
2600,86
2608,160
2620,153
2628,72
2636,36
2668,15
2711,27
2717,54
2720,19
2725,147
2738,97
2747,117
2752,14
2773,39
2789,65
2795,165
2812,143
2817,175
2821,63
2824,200
2827,21
2837,116
2840,40
2842,181
2847,12
2873,116
2880,1
2882,139
2898,155
2906,132
2916,172
2921,92
2932,176
2937,47
2946,34
2953,176
2955,107
2968,89
2971,138
2991,74
2993,47
2998,161
3003,80
3005,163
3011,14
3016,15
3018,29
3037,104
3060,87
3061,36
3068,124
3074,132
3077,130
3080,119
3085,162
3092,77
3095,123
3098,189
3103,1
3112,34
3115,191
3132,126
3146,180
3149,159
3162,168
3178,94
3203,104
3207,18
3218,42
3221,128
3230,21
3234,33
3244,62
3247,40
3248,145
3258,152
3265,197
3283,123
3294,187
3297,29
3301,169
3302,133
3316,189
3328,156
3341,31
3344,195
3346,80
3368,183
3376,15
3380,46
3388,85
3406,19
3408,137
3418,68
3447,67
3456,24
3457,46
3469,1
3474,154
3477,138
3484,115
3487,140
3492,110
3525,77
3529,141
3533,90
3557,133
3568,121
3570,48
3571,192
3597,8
3604,137
3620,173
3625,11
3629,119
3631,88
3639,153
3640,17
3644,198
3651,168
3655,160
3672,2
3673,11
3675,95
3676,63
3687,200
3714,64
3718,18
3736,147
3752,92
3765,19
3767,21
3768,138
3792,142
3796,59
3808,195
3814,47
3816,143
3820,113
3825,179
3843,23
3868,2
3881,11
3896,198
3903,101
3923,180
3931,120
3934,107
3937,43
3944,162
3962,170
3965,72
3971,160
3974,126
3985,21
3992,37
3998,126
4010,105
4016,161
4017,96
4035,33
4038,188
4040,161
4045,144
4054,96
4057,35
4062,109
4080,117
4092,110
4094,183
4100,8
4102,9
4106,33
4125,151
4126,173
4156,126
4162,75
4174,151
4175,90
4196,190
4213,146
4215,85
4247,30
4249,199
4258,108
4270,53
4273,186
4278,158
4281,48
4282,162
4285,53
4296,98
4312,194
4316,60
4323,129
4326,150
4360,29
4375,112
4390,154
4394,155
4410,162
4438,128
4441,81
4445,95
4459,114
4460,39
4471,78
4478,116
4494,156
4496,120
4497,187
4513,194
4518,128
4547,40
4566,54
4570,155
4571,69
4593,192
4602,59
4604,83
4607,116
4615,156
4621,14
4623,86
4631,74
4645,35
4665,72
4674,59
4678,43
4683,156
4692,123
4696,175
4697,52
4731,101
4739,8
4746,187
4748,3
4760,12
4764,35
4796,85
4797,68
4813,89
4830,12
4847,74
4853,21
4887,90
4890,34
4908,51
4915,9
4917,96
4948,151
4986,81
4991,95
4999,126
5005,108
5008,20
5010,52
5012,110
5020,106
5053,15
5059,111
5063,72
5064,65
5066,111
5069,116
5070,50
5074,85
5080,33
5083,17
5088,22
5094,123
5102,114
5103,156
5116,119
5123,32
5134,71
5163,51
5171,154
5179,70
5181,169
5185,18
5200,63
5206,44
5210,141
5212,6
5213,117
5214,12
5222,100
5226,30
5241,86
5264,40
5266,78
5280,104
5284,148
5287,136
5346,156
5356,183
5357,57
5386,86
5390,123
5402,64
5407,14
5416,176
5422,85
5427,51
5431,61
5470,116
5476,198
5481,189
5492,13
5497,63
5501,176
5530,111
5534,110
5544,21
5546,182
5550,25
5572,196
5573,57
5578,184
5594,61
5600,50
5614,175
5623,12
5627,16
5679,49
5687,42
